"Url","Status","TimeMs","Title","H1","WordCount","LocalUrl","Error"
"https://pixoria.fyi/","200","3220","Pixoria - Top Career & Tech Hiring Opportunities 2026","","618","http://localhost:8000/",""
"https://pixoria.fyi/top-government-jobs-in-the-usa-high-paying-public-sector-careers/","200","1329","Best Government Jobs in the USA: High-Paying Public Sector Careers With Excellent Benefits - Pixoria","Best Government Jobs in the USA: High-Paying Public Sector Careers With Excellent Benefits","889","http://localhost:8000/top-government-jobs-in-the-usa-high-paying-public-sector-careers/",""
"https://pixoria.fyi/cookie-policy/","200","548","Cookie Policy - Pixoria","Cookie Policy","354","http://localhost:8000/cookie-policy/",""
"https://pixoria.fyi/privacy-policy/","200","531","Privacy Policy - Pixoria","Privacy Policy","767","http://localhost:8000/privacy-policy/",""
"https://pixoria.fyi/author/admin/","200","550","admin, Author at Pixoria","admin","625","http://localhost:8000/author/admin/",""
"https://pixoria.fyi/category/news/","200","517","NEWS Archives - Pixoria","Category NEWS","619","http://localhost:8000/category/news/",""
"https://pixoria.fyi/government-jobs-in-the-usa-complete-guide-to-federal-state-and-local-careers/","200","649","Government Jobs in the USA: Complete Guide to Federal, State, and Local Careers - Pixoria","Government Jobs in the USA: Complete Guide to Federal, State, and Local Careers","1007","http://localhost:8000/government-jobs-in-the-usa-complete-guide-to-federal-state-and-local-careers/",""
"https://pixoria.fyi/best-technology-jobs-in-the-usa-high-paying-tech-careers-without-limits/","200","568","Best Technology Jobs in the USA: High-Paying Tech Careers Without Limits - Pixoria","Best Technology Jobs in the USA: High-Paying Tech Careers Without Limits","930","http://localhost:8000/best-technology-jobs-in-the-usa-high-paying-tech-careers-without-limits/",""
"https://pixoria.fyi/technology-jobs-in-the-usa-career-opportunities-salaries-and-future-growth/","200","579","Technology Jobs in the USA: Career Opportunities, Salaries, and Future Growth - Pixoria","Technology Jobs in the USA: Career Opportunities, Salaries, and Future Growth","939","http://localhost:8000/technology-jobs-in-the-usa-career-opportunities-salaries-and-future-growth/",""
"https://pixoria.fyi/high-paying-no-experience-jobs-in-the-usa-entry-level-guide/","200","581","High-Paying No Experience Jobs in the USA: Top Entry-Level Careers Guide - Pixoria","High-Paying No Experience Jobs in the USA: Top Entry-Level Careers Guide","891","http://localhost:8000/high-paying-no-experience-jobs-in-the-usa-entry-level-guide/",""
"https://pixoria.fyi/entry-level-jobs-in-the-usa-best-career-opportunities-for-beginners-in-2026/","200","842","Entry-Level Jobs in the USA: Best Career Opportunities for Beginners in 2026 - Pixoria","Entry-Level Jobs in the USA: Best Career Opportunities for Beginners in 2026","959","http://localhost:8000/entry-level-jobs-in-the-usa-best-career-opportunities-for-beginners-in-2026/",""
"https://pixoria.fyi/google-hiring-guide-2026-how-to-get-a-job-at-google-interview-tips-and-career-opportunities/","200","898","Google Hiring Guide 2026: How to Get a Job at Google, Interview Tips, and Career Opportunities - Pixoria","Google Hiring Guide 2026: How to Get a Job at Google, Interview Tips, and Career Opportunities","898","http://localhost:8000/google-hiring-guide-2026-how-to-get-a-job-at-google-interview-tips-and-career-opportunities/",""
"https://pixoria.fyi/amazon-hiring-guide-2026-jobs-salaries-interview-process-and-how-to-get-hired/","200","575","Amazon Hiring Guide 2026: Jobs, Salaries, Interview Process, and How to Get Hired - Pixoria","Amazon Hiring Guide 2026: Jobs, Salaries, Interview Process, and How to Get Hired","849","http://localhost:8000/amazon-hiring-guide-2026-jobs-salaries-interview-process-and-how-to-get-hired/",""
"https://pixoria.fyi/best-government-jobs-in-the-usa-high-paying-public-sector-careers-with-excellent-benefits/","200","526","Best Government Jobs in the USA: High-Paying Public Sector Careers With Excellent Benefits - Pixoria","Best Government Jobs in the USA: High-Paying Public Sector Careers With Excellent Benefits","889","http://localhost:8000/best-government-jobs-in-the-usa-high-paying-public-sector-careers-with-excellent-benefits/",""
"https://pixoria.fyi/no-experience-jobs-in-the-usa-high-paying-entry-level-careers-you-can-start-today/","200","534","No Experience Jobs in the USA: High-Paying Entry-Level Careers You Can Start Today - Pixoria","No Experience Jobs in the USA: High-Paying Entry-Level Careers You Can Start Today","895","http://localhost:8000/no-experience-jobs-in-the-usa-high-paying-entry-level-careers-you-can-start-today/",""
